task_id,timestamp_us,total_run_time,total_io_wait_time,total_ready_wait_time,delta
F,98995,40874,0,39008,9
B,108995,38992,0,50890,10
F,193995,90864,0,84018,9
F,288995,140854,0,129028,9
B,317995,137970,0,160912,10
F,383995,190844,0,174038,9
F,478995,240834,0,219048,9
B,526995,236948,0,270934,10
F,573995,290824,0,264058,9
F,668995,340814,0,309068,9
B,735995,335926,0,380956,10
F,763995,390804,0,354078,9
F,854995,437794,0,399088,9
B,945995,440904,0,482978,9
F,959995,482784,0,454098,14
F,1099995,533774,0,534108,19
F,1276995,598764,0,639118,24
B,1292995,638882,0,614000,16
F,1497995,683754,0,767128,27
F,1753995,793744,0,907138,28
B,1835995,934860,0,845022,27
F,2042995,928734,0,1053148,31
F,2368995,1088724,0,1212158,33
B,2548995,1278838,0,1197044,38
F,2738995,1273714,0,1387168,38
F,3150995,1477704,0,1587178,43
B,3464995,1716816,0,1656066,47
F,3605995,1702694,0,1808188,47
F,4101995,1949684,0,2052198,50
B,4551995,2251794,0,2200088,50
F,4601995,2199674,0,2302208,50
F,5101995,2449664,0,2552218,50
F,5601995,2699654,0,2802228,50
B,5651995,2801772,0,2750110,50
F,6101995,2949644,0,3052238,50
F,6601995,3199634,0,3302248,50
B,6751995,3351750,0,3300132,50
F,7101995,3449624,0,3552258,50
F,7601995,3699614,0,3802268,50
B,7851995,3901728,0,3850154,50
F,8101995,3949604,0,4052278,50
F,8601995,4199594,0,4302288,50
B,8949995,4451706,0,4399176,49
F,9099995,4447584,0,4552298,50
F,9599995,4697574,0,4802308,50
B,10049995,5001684,0,4948198,50
F,10099995,4947564,0,5052318,50
F,10597995,5197554,0,5300328,50
F,11097995,5447544,0,5550338,50
B,11147995,5549662,0,5498220,50
F,11597995,5697534,0,5800348,50
F,12096995,5947524,0,6049358,50
B,12246995,6098640,0,6048242,50
F,12596995,6197514,0,6299368,50
F,13096995,6447504,0,6549378,50
B,13346995,6648618,0,6598264,50
F,13596995,6697494,0,6799388,50
F,14096995,6947484,0,7049398,50
B,14445995,7197596,0,7148286,50
F,14595995,7197474,0,7298408,50
F,15095995,7447464,0,7548418,50
B,15543995,7747574,0,7696308,50
F,15593995,7695454,0,7798428,50
F,16093995,7945444,0,8048438,50
F,16593995,8195434,0,8298448,50
B,16643995,8297552,0,8246330,50
F,17093995,8445424,0,8548458,50
F,17593995,8695414,0,8798468,50
B,17743995,8847530,0,8796352,50
F,18093995,8945404,0,9048478,50
F,18593995,9195394,0,9298488,50
B,18843995,9397508,0,9346374,50
F,19093995,9445384,0,9548498,50
F,19593995,9695374,0,9798508,50
B,19943995,9947486,0,9896396,50
F,20093995,9945364,0,10048518,50
F,20593995,10195354,0,10298528,50
B,21041995,10497464,0,10444418,50
F,21091995,10443344,0,10548538,50
F,21591995,10693334,0,10798548,50
F,22091995,10943324,0,11048558,50
B,22141995,11047442,0,10994440,50
F,22591995,11193314,0,11298568,50
F,23091995,11443304,0,11548578,50
B,23241995,11597420,0,11544462,50
F,23591995,11693294,0,11798588,50
F,24091995,11943284,0,12048598,50
B,24341995,12147398,0,12094484,50
F,24591995,12193274,0,12298608,50
F,25091995,12443264,0,12548618,50
B,25441995,12697376,0,12644506,50
F,25591995,12693254,0,12798628,50
F,26091995,12943244,0,13048638,50
B,26539995,13246354,0,13194528,50
F,26589995,13193234,0,13296648,50
F,27089995,13443224,0,13546658,50
F,27589995,13693214,0,13796668,50
B,27639995,13795332,0,13744550,50
F,28089995,13943204,0,14046678,50
F,28589995,14193194,0,14296688,50
B,28737995,14345310,0,14293572,49
F,29087995,14441184,0,14546698,50
F,29587995,14691174,0,14796708,50
B,29835995,14895288,0,14840594,50
F,30085995,14939164,0,15046718,50
F,30585995,15189154,0,15296728,50
B,30934995,15445266,0,15390616,50
F,31083995,15439144,0,15544738,50
F,31582995,15689134,0,15793748,50
B,32032995,15992244,0,15940638,50
F,32082995,15939124,0,16043758,50
F,32582995,16189114,0,16293768,50
F,33082995,16439104,0,16543778,50
B,33132995,16542222,0,16490660,50
F,33582995,16689094,0,16793788,50
F,34082995,16939084,0,17043798,50
B,34232995,17092200,0,17040682,50
F,34582995,17189074,0,17293808,50
F,35080995,17439064,0,17541818,50
B,35330995,17640178,0,17590704,50
F,35580995,17689054,0,17791828,50
F,36078995,17937044,0,18041838,50
B,36428995,18190156,0,18138726,50
F,36578995,18187034,0,18291848,50
F,37078995,18437024,0,18541858,50
B,37528995,18740134,0,18688748,50
F,37578995,18687014,0,18791868,50
F,38078995,18937004,0,19041878,50
F,38578995,19186994,0,19291888,50
B,38628995,19290112,0,19238770,50
F,39077995,19436984,0,19541898,49
F,39576995,19686974,0,19789908,50
B,39726995,19838090,0,19788792,50
F,40076995,19936964,0,20039918,50
F,40576995,20186954,0,20289928,50
B,40826995,20388068,0,20338814,50
F,41076995,20436944,0,20539938,50
F,41576995,20686934,0,20789948,50
B,41925995,20938046,0,20888836,50
F,42074995,20936924,0,21038958,50
F,42573995,21184914,0,21288968,50
B,43023995,21487024,0,21436858,50
F,43073995,21434904,0,21538978,50
F,43570995,21682894,0,21787988,50
F,44070995,21932884,0,22037998,50
B,44120995,22036002,0,21984880,50
F,44570995,22182874,0,22288008,50
F,45070995,22432864,0,22538018,50
B,45220995,22585980,0,22534902,50
F,45569995,22682854,0,22788028,50
F,46069995,22931844,0,23038038,50
B,46319995,23135958,0,23083924,50
F,46568995,23181834,0,23288048,50
F,47068995,23430824,0,23538058,50
B,47418995,23685936,0,23632946,50
F,47568995,23680814,0,23788068,50
F,48068995,23930804,0,24038078,50
B,48516995,24235914,0,24180968,50
F,48566995,24178794,0,24288088,50
F,49066995,24428784,0,24538098,50
F,49564995,24678774,0,24786108,50
B,49614995,24783892,0,24730990,50
F,50064995,24928764,0,25036118,50
F,50564995,25178754,0,25286128,50
B,50714995,25333870,0,25281012,50
F,51064995,25428744,0,25536138,50
F,51564995,25678734,0,25786148,50
B,51813995,25883848,0,25831034,50
F,52062995,25928724,0,26034158,50
F,52562995,26178714,0,26284168,50
B,52912995,26431826,0,26381056,50
F,53061995,26428704,0,26534178,50
F,53560995,26676694,0,26784188,50
B,54009995,26981804,0,26929078,49
F,54059995,26926684,0,27034198,50
F,54558995,27174674,0,27284208,50
F,55049995,27424664,0,27527218,48
B,55099995,27524782,0,27477100,50
F,55538995,27673654,0,27766228,49
F,56036995,27921644,0,28015238,50
B,56185995,28062760,0,28024122,50
F,56532995,28171634,0,28261248,50
F,57032995,28421624,0,28511258,50
B,57281995,28608738,0,28574144,49
F,57530995,28670614,0,28760268,50
F,58030995,28920604,0,29010278,50
B,58379995,29156716,0,29123166,50
F,58528995,29170594,0,29259288,49
F,59026995,29420584,0,29506298,50
B,59476995,29703694,0,29673188,50
F,59526995,29670574,0,29756308,50
F,60026995,29920564,0,30006318,50
F,60526995,30170554,0,30256328,50
B,60576995,30253672,0,30223210,50
F,61026995,30420544,0,30506338,50
F,61526995,30670534,0,30756348,50
B,61676995,30803650,0,30773232,50
F,62026995,30920524,0,31006358,50
F,62526995,31170514,0,31256368,50
B,62771995,31352628,0,31321254,49
F,63016995,31416504,0,31502378,49
F,63506995,31661494,0,31747388,49
B,63849995,31891606,0,31860276,49
F,63996995,31906484,0,31992398,49
F,64486995,32151474,0,32237408,49
B,64935995,32432584,0,32403298,50
F,64985995,32400464,0,32485418,50
F,65483995,32649454,0,32735428,49
F,65980995,32897444,0,32983438,50
B,66030995,32980562,0,32950320,50
F,66480995,33147434,0,33233448,50
F,66977995,33396424,0,33483458,49
B,67127995,33529540,0,33498342,50
F,67477995,33645414,0,33732468,50
F,67977995,33895404,0,33982478,50
B,68226995,34078518,0,34048364,50
F,68475995,34145394,0,34230488,50
F,68972995,34393384,0,34479498,50
B,69320995,34626496,0,34595386,49
F,69468995,34641374,0,34728508,49
F,69968995,34891364,0,34977518,50
B,70418995,35174474,0,35144408,50
F,70468995,35141354,0,35227528,50
F,70968995,35391344,0,35477538,50
F,71468995,35641334,0,35727548,50
B,71518995,35724452,0,35694430,50
F,71966995,35891324,0,35975558,50
F,72466995,36141314,0,36225568,50
B,72616995,36272430,0,36244452,50
F,72966995,36391304,0,36475578,50
F,73466995,36641294,0,36725588,50
B,73716995,36822408,0,36794474,50
F,73966995,36891284,0,36975598,50
F,74465995,37140274,0,37225608,50
B,74815995,37372386,0,37343496,50
F,74965995,37390264,0,37475618,50
F,75463995,37640254,0,37723628,50
B,75913995,37920364,0,37893518,50
F,75963995,37890244,0,37973638,50
F,76463995,38140234,0,38223648,50
F,76963995,38390224,0,38473658,50
B,77013995,38470342,0,38443540,50
F,77461995,38640214,0,38721668,50
F,77961995,38890204,0,38971678,50
B,78111995,39018320,0,38993562,50
F,78461995,39140194,0,39221688,50
F,78959995,39390184,0,39469698,50
B,79209995,39566298,0,39543584,50
F,79459995,39640174,0,39719708,50
F,79957995,39888164,0,39969718,50
B,80307995,40116276,0,40091606,50
F,80457995,40138154,0,40219728,50
F,80957995,40388144,0,40469738,50
B,81405995,40666254,0,40640628,49
F,81455995,40637134,0,40719748,50
F,81954995,40885124,0,40969758,50
F,82453995,41135114,0,41219768,49
B,82503995,41216232,0,41188650,50
F,82953995,41385104,0,41468778,50
F,83452995,41635094,0,41718788,49
B,83601995,41764210,0,41738672,50
F,83947995,41885084,0,41962798,50
F,84447995,42135074,0,42212808,50
B,84697995,42309188,0,42288694,50
F,84946995,42385064,0,42462818,49
F,85444995,42635054,0,42709828,50
B,85793995,42855166,0,42838716,50
F,85943995,42885044,0,42958838,50
F,86443995,43135034,0,43208848,50
B,86893995,43405144,0,43388738,50
F,86943995,43385024,0,43458858,50
F,87443995,43635014,0,43708868,50
F,87943995,43885004,0,43958878,50
B,87993995,43955122,0,43938760,50
F,88442995,44134994,0,44208888,49
F,88942995,44384984,0,44457898,50
B,89092995,44504100,0,44488782,50
F,89442995,44634974,0,44707908,50
F,89942995,44884964,0,44957918,50
B,90192995,45054078,0,45038804,50
F,90442995,45134954,0,45207928,50
F,90942995,45384944,0,45457938,50
B,91292995,45604056,0,45588826,50
F,91442995,45634934,0,45707948,50
F,91940995,45884924,0,45955958,50
B,92390995,46152034,0,46138848,50
F,92440995,46134914,0,46205968,50
F,92940995,46384904,0,46455978,50
F,93440995,46634894,0,46705988,50
B,93490995,46702012,0,46688870,50
F,93940995,46884884,0,46955998,50
F,94440995,47134874,0,47206008,50
B,94590995,47251990,0,47238892,50
F,94940995,47384864,0,47456018,50
F,95435995,47630854,0,47706028,50
B,95681995,47801968,0,47780914,49
F,95927995,47873844,0,47956038,50
F,96426995,48120834,0,48206048,50
B,96776995,48351946,0,48324936,50
F,96926995,48370824,0,48456058,50
F,97426995,48620814,0,48706068,50
B,97876995,48901924,0,48874958,50
F,97926995,48870804,0,48956078,50
F,98426995,49120794,0,49206088,50
F,98926995,49370784,0,49456098,50
B,98976995,49451902,0,49424980,50
F,99426995,49620774,0,49706108,50
F,99926995,49870764,0,49956118,50
B,100076995,50001880,0,49975002,50
F,100424995,50118754,0,50206128,50
F,100924995,50368744,0,50456138,50
B,101174995,50551858,0,50523024,50
F,101424995,50618734,0,50706148,50
F,101922995,50868724,0,50955158,49
B,102271995,51099836,0,51072046,50
F,102421995,51117714,0,51204168,50
F,102921995,51367704,0,51454178,50
B,103370995,51649814,0,51622068,50
F,103420995,51617694,0,51703188,50
F,103920995,51867684,0,51953198,50
F,104420995,52117674,0,52203208,50
B,104470995,52198792,0,52172090,50
F,104920995,52367664,0,52453218,50
F,105420995,52617654,0,52703228,50
B,105570995,52748770,0,52722112,50
F,105920995,52867644,0,52953238,50
F,106420995,53117634,0,53203248,50
B,106670995,53298748,0,53272134,50
F,106920995,53367624,0,53453258,50
F,107420995,53617614,0,53703268,50
B,107770995,53848726,0,53822156,50
F,107920995,53867604,0,53953278,50
F,108420995,54117594,0,54203288,50
B,108864995,54398704,0,54369178,48
F,108913995,54364584,0,54452298,49
F,109410995,54611574,0,54699308,50
F,109909995,54861564,0,54949318,49
B,109959995,54944682,0,54916200,50
F,110407995,55111554,0,55196328,50
F,110906995,55361544,0,55445338,50
B,111056995,55490660,0,55466222,50
F,111406995,55611534,0,55695348,50
F,111906995,55861524,0,55945358,50
B,112156995,56040638,0,56016244,50
F,112406995,56111514,0,56195368,50
F,112906995,56361504,0,56445378,50
B,113256995,56590616,0,56566266,50
F,113406995,56611494,0,56695388,50
F,113906995,56861484,0,56945398,50
B,114356995,57140594,0,57116288,50
F,114406995,57111474,0,57195408,50
F,114906995,57361464,0,57445418,50
F,115406995,57611454,0,57695428,50
B,115456995,57690572,0,57666310,50
F,115906995,57861444,0,57945438,50
F,116406995,58111434,0,58195448,50
B,116556995,58240550,0,58216332,50
F,116906995,58361424,0,58445458,50
F,117406995,58611414,0,58695468,50
B,117656995,58790528,0,58766354,50
F,117906995,58861404,0,58945478,50
F,118406995,59111394,0,59195488,50
B,118756995,59340506,0,59316376,50
F,118906995,59361384,0,59445498,50
F,119406995,59611374,0,59695508,50
B,119854995,59890484,0,59864398,50
F,119904995,59859364,0,59945518,50
F,120404995,60109354,0,60195528,50
F,120902995,60358344,0,60445538,50
B,120951995,60440462,0,60412420,49
F,121401995,60606334,0,60695548,50
F,121901995,60856324,0,60945558,50
B,122051995,60990440,0,60961442,50
F,122401995,61106314,0,61195568,50
F,122901995,61356304,0,61445578,50
B,123151995,61540418,0,61511464,50
F,123401995,61606294,0,61695588,50
F,123901995,61856284,0,61945598,50
B,124251995,62090396,0,62061486,50
F,124401995,62106274,0,62195608,50
F,124901995,62356264,0,62445618,50
B,125351995,62640374,0,62611508,50
F,125401995,62606254,0,62695628,50
F,125901995,62856244,0,62945638,50
F,126401995,63106234,0,63195648,50
B,126451995,63190352,0,63161530,50
F,126901995,63356224,0,63445658,50
F,127399995,63604214,0,63695668,50
B,127549995,63740330,0,63709552,50
F,127899995,63854204,0,63945678,50
F,128399995,64104194,0,64195688,50
B,128649995,64290308,0,64259574,50
F,128898995,64354184,0,64445698,50
F,129398995,64603174,0,64695708,50
B,129748995,64840286,0,64808596,50
F,129898995,64853164,0,64945718,50
F,130398995,65103154,0,65195728,50
B,130848995,65390264,0,65358618,50
F,130898995,65353144,0,65445738,50
F,131396995,65603134,0,65693748,50
F,131895995,65853124,0,65942758,50
B,131944995,65937242,0,65908640,49
F,132387995,66097114,0,66192768,50
F,132886995,66344104,0,66442778,50
B,133036995,66487220,0,66449662,50
F,133386995,66594094,0,66692788,50
F,133884995,66843084,0,66941798,50
B,134134995,67036198,0,66998684,50
F,134384995,67093074,0,67191808,50
F,134884995,67343064,0,67441818,50
B,135234995,67586176,0,67548706,50
F,135384995,67593054,0,67691828,50
F,135884995,67843044,0,67941838,50
B,136334995,68136154,0,68098728,50
F,136384995,68093034,0,68191848,50
F,136882995,68343024,0,68439858,50
F,137381995,68593014,0,68688868,50
B,137431995,68683132,0,68648750,50
F,137880995,68842004,0,68938878,50
F,138380995,69091994,0,69188888,50
B,138530995,69233110,0,69197772,50
F,138880995,69341984,0,69438898,50
F,139380995,69591974,0,69688908,50
B,139630995,69783088,0,69747794,50
F,139880995,69841964,0,69938918,50
F,140378995,70090954,0,70188928,50
B,140728995,70333066,0,70295816,50
F,140878995,70339944,0,70438938,50
F,141374995,70589934,0,70685948,49
B,141823995,70878044,0,70845838,50
F,141873995,70839924,0,70933958,50
F,142373995,71089914,0,71183968,50
F,142873995,71339904,0,71433978,50
B,142923995,71428022,0,71395860,50
F,143373995,71589894,0,71683988,50
F,143873995,71839884,0,71933998,50
B,144023995,71978000,0,71945882,50
F,144373995,72089874,0,72184008,50
F,144871995,72337864,0,72434018,50
B,145120995,72527978,0,72493904,50
F,145369995,72587854,0,72682028,50
F,145868995,72837844,0,72931038,50
B,146218995,73074956,0,73043926,50
F,146368995,73087834,0,73181048,50
F,146868995,73337824,0,73431058,50
B,147318995,73624934,0,73593948,50
F,147368995,73587814,0,73681068,50
F,147866995,73837804,0,73929078,50
F,148366995,74087794,0,74179088,50
B,148416995,74172912,0,74143970,50
F,148866995,74337784,0,74429098,50
F,149364995,74587774,0,74677108,50
B,149514995,74720890,0,74693992,50
F,149864995,74837764,0,74927118,50
F,150363995,75087754,0,75176128,50
B,150613995,75269868,0,75244014,50
F,150863995,75337744,0,75426138,50
F,151363995,75587734,0,75676148,50
B,151713995,75819846,0,75794036,50
F,151863995,75837724,0,75926158,50
F,152363995,76087714,0,76176168,50
B,152813995,76369824,0,76344058,50
F,152863995,76337704,0,76426178,50
F,153363995,76587694,0,76676188,50
F,153861995,76836684,0,76926198,50
B,153911995,76919802,0,76892080,50
F,154361995,77085674,0,77176208,50
F,154861995,77335664,0,77426218,50
B,155011995,77469780,0,77442102,50
F,155361995,77585654,0,77676228,50
F,155861995,77835644,0,77926238,50
B,156111995,78019758,0,77992124,50
F,156361995,78085634,0,78176248,50
F,156861995,78335624,0,78426258,50
B,157208995,78569736,0,78540146,49
F,157358995,78582614,0,78676268,50
F,157858995,78832604,0,78926278,50
B,158308995,79119714,0,79089168,50
F,158358995,79082594,0,79176288,50
F,158858995,79332584,0,79426298,50
F,159358995,79582574,0,79676308,50
B,159408995,79669692,0,79639190,50
F,159858995,79832564,0,79926318,50
F,160358995,80082554,0,80176328,50
B,160508995,80219670,0,80189212,50
F,160858995,80332544,0,80426338,50
F,161357995,80582534,0,80676348,50
B,161606995,80769648,0,80737234,50
F,161856995,80830524,0,80926358,50
F,162356995,81080514,0,81176368,50
B,162706995,81319626,0,81287256,50
F,162856995,81330504,0,81426378,50
F,163356995,81580494,0,81676388,50
B,163806995,81869604,0,81837278,50
F,163855995,81830484,0,81926398,49
F,164354995,82080474,0,82174408,50
F,164854995,82330464,0,82424418,50
B,164904995,82417582,0,82387300,50
F,165354995,82580454,0,82674428,50
F,165852995,82830444,0,82923438,49
B,166002995,82965560,0,82937322,50
F,166352995,83080434,0,83172448,50
F,166852995,83330424,0,83422458,50
B,167102995,83515538,0,83487344,50
F,167352995,83580414,0,83672468,50
F,167852995,83830404,0,83922478,50
B,168202995,84065516,0,84037366,50
F,168351995,84080394,0,84172488,50
F,168848995,84328384,0,84420498,50
B,169298995,84613494,0,84585388,50
F,169348995,84578374,0,84670508,50
F,169848995,84828364,0,84920518,50
F,170348995,85078354,0,85170528,50
B,170398995,85163472,0,85135410,50
F,170848995,85328344,0,85420538,50
F,171348995,85578334,0,85670548,50
B,171498995,85713450,0,85685432,50
F,171848995,85828324,0,85920558,50
F,172348995,86078314,0,86170568,50
B,172598995,86263428,0,86235454,50
F,172846995,86328304,0,86418578,50
F,173345995,86578294,0,86668588,49
B,173693995,86810406,0,86784476,49
F,173843995,86826284,0,86917598,50
F,174343995,87076274,0,87167608,50
B,174792995,87360384,0,87332498,50
F,174842995,87325264,0,87417618,50
F,175341995,87575254,0,87667628,50
F,175841995,87824244,0,87917638,50
B,175891995,87910362,0,87881520,50
F,176341995,88074234,0,88167648,50
F,176841995,88324224,0,88417658,50
B,176991995,88460340,0,88431542,50
F,177341995,88574214,0,88667668,50
F,177841995,88824204,0,88917678,50
B,178089995,89010318,0,88979564,50
F,178339995,89072194,0,89167688,50
F,178838995,89322184,0,89417698,50
B,179188995,89560296,0,89528586,50
F,179338995,89571174,0,89667708,50
F,179838995,89821164,0,89917718,50
B,180288995,90110274,0,90078608,50
F,180338995,90071154,0,90167728,50
F,180838995,90321144,0,90417738,50
F,181338995,90571134,0,90667748,50
B,181388995,90660252,0,90628630,50
F,181838995,90821124,0,90917758,50
F,182338995,91071114,0,91167768,50
B,182488995,91210230,0,91178652,50
F,182836995,91321104,0,91415778,50
F,183335995,91571094,0,91664788,50
B,183585995,91757208,0,91728674,50
F,183835995,91821084,0,91914798,50
F,184334995,92071074,0,92163808,50
B,184682995,92306186,0,92276696,50
F,184832995,92319064,0,92413818,50
F,185332995,92569054,0,92663828,50
B,185782995,92856164,0,92826718,50
F,185832995,92819044,0,92913838,50
F,186330995,93069034,0,93161848,50
F,186829995,93319024,0,93410858,50
B,186879995,93403142,0,93376740,50
F,187328995,93569014,0,93660868,50
F,187826995,93818004,0,93908878,50
B,187976995,93951120,0,93925762,50
F,188326995,94067994,0,94158888,50
F,188825995,94316984,0,94408898,50
B,189075995,94501098,0,94474784,50
F,189325995,94566974,0,94658908,50
F,189825995,94816964,0,94908918,50
B,190173995,95051076,0,95022806,50
F,190323995,95064954,0,95158928,50
F,190823995,95314944,0,95408938,50
B,191273995,95601054,0,95572828,50
F,191323995,95564934,0,95658948,50
F,191823995,95814924,0,95908958,50
F,192323995,96064914,0,96158968,50
B,192373995,96151032,0,96122850,50
F,192823995,96314904,0,96408978,50
F,193322995,96563894,0,96658988,50
B,193472995,96701010,0,96671872,50
F,193822995,96813884,0,96908998,50
F,194322995,97063874,0,97159008,50
B,194572995,97250988,0,97221894,50
F,194822995,97313864,0,97409018,50
F,195322995,97563854,0,97659028,50
B,195672995,97800966,0,97771916,50
F,195822995,97813844,0,97909038,50
F,196322995,98063834,0,98159048,50
B,196770995,98350944,0,98319938,50
F,196820995,98311824,0,98409058,50
F,197320995,98561814,0,98659068,50
F,197818995,98811804,0,98907078,50
B,197868995,98898922,0,98869960,50
F,198316995,99059794,0,99157088,50
F,198816995,99309784,0,99407098,50
B,198966995,99448900,0,99417982,50
F,199316995,99559774,0,99657108,50
F,199816995,99809764,0,99907118,50
B,200065995,99998878,0,99968004,49
F,200315995,100058754,0,100157128,50
F,200815995,100308744,0,100407138,50
B,201163995,100548856,0,100516026,49
F,201312995,100556734,0,100657148,49
F,201811995,100806724,0,100905158,50
B,202261995,101096834,0,101065048,50
F,202311995,101056714,0,101155168,50
F,202811995,101306704,0,101405178,50
F,203311995,101556694,0,101655188,50
B,203361995,101646812,0,101615070,50
F,203811995,101806684,0,101905198,50
F,204311995,102056674,0,102155208,50
B,204461995,102196790,0,102165092,50
F,204811995,102306664,0,102405218,50
F,205311995,102556654,0,102655228,50
B,205561995,102746768,0,102715114,50
F,205811995,102806644,0,102905238,50
F,206311995,103056634,0,103155248,50
B,206661995,103296746,0,103265136,50
F,206811995,103306624,0,103405258,50
F,207310995,103556614,0,103655268,49
B,207757995,103844724,0,103814158,49
F,207807995,103805604,0,103903278,50
F,208307995,104054594,0,104153288,50
F,208807995,104304584,0,104403298,50
B,208857995,104394702,0,104363180,50
F,209307995,104554574,0,104653308,50
F,209807995,104804564,0,104903318,50
B,209957995,104944680,0,104913202,50
F,210307995,105054554,0,105153328,50
F,210807995,105304544,0,105403338,50
B,211057995,105494658,0,105463224,50
F,211307995,105554534,0,105653348,50
F,211807995,105804524,0,105903358,50
B,212157995,106044636,0,106013246,50
F,212307995,106054514,0,106153368,50
F,212807995,106304504,0,106403378,50
B,213257995,106594614,0,106563268,50
F,213307995,106554494,0,106653388,50
F,213805995,106804484,0,106901398,50
F,214305995,107054474,0,107151408,50
B,214355995,107142592,0,107113290,50
F,214805995,107304464,0,107401418,50
F,215303995,107552454,0,107651428,50
B,215453995,107692570,0,107661312,50
F,215802995,107802444,0,107900438,50
F,216302995,108052434,0,108150448,50
B,216552995,108241548,0,108211334,50
F,216802995,108302424,0,108400458,50
F,217302995,108552414,0,108650468,50
B,217652995,108791526,0,108761356,50
F,217802995,108802404,0,108900478,50
F,218302995,109052394,0,109150488,50
B,218752995,109341504,0,109311378,50
F,218802995,109302384,0,109400498,50
F,219299995,109550374,0,109650508,49
F,219799995,109800364,0,109899518,50
B,219849995,109890482,0,109859400,50
F,220298995,110050354,0,110148528,50
F,220798995,110300344,0,110398538,50
B,220948995,110439460,0,110409422,50
F,221298995,110550334,0,110648548,50
F,221798995,110800324,0,110898558,50
B,222048995,110989438,0,110959444,50
F,222298995,111050314,0,111148568,50
F,222796995,111300304,0,111396578,50
B,223146995,111537416,0,111509466,50
F,223296995,111550294,0,111646588,50
F,223795995,111799284,0,111896598,50
B,224244995,112086394,0,112058488,50
F,224294995,112049274,0,112145608,50
F,224794995,112299264,0,112395618,50
F,225294995,112549254,0,112645628,50
B,225344995,112636372,0,112608510,50
F,225794995,112799244,0,112895638,50
F,226293995,113049234,0,113144648,50
B,226443995,113185350,0,113158532,50
F,226793995,113299224,0,113394658,50
F,227293995,113549214,0,113644668,50
B,227543995,113735328,0,113708554,50
F,227792995,113799204,0,113893678,50
F,228292995,114049194,0,114143688,50
B,228642995,114284306,0,114258576,50
F,228792995,114299184,0,114393698,50
F,229292995,114549174,0,114643708,50
B,229742995,114834284,0,114808598,50
F,229792995,114799164,0,114893718,50
F,230292995,115049154,0,115143728,50
F,230792995,115299144,0,115393738,50
B,230842995,115384262,0,115358620,50
F,231291995,115548134,0,115643748,50
F,231791995,115798124,0,115893758,50
B,231941995,115934240,0,115907642,50
F,232291995,116048114,0,116143768,50
F,232791995,116298104,0,116393778,50
B,233041995,116484218,0,116457664,50
F,233291995,116548094,0,116643788,50
F,233791995,116798084,0,116893798,50
B,234141995,117034196,0,117007686,50
F,234291995,117048074,0,117143808,50
F,234791995,117298064,0,117393818,50
B,235241995,117584174,0,117557708,50
F,235291995,117548054,0,117643828,50
F,235791995,117798044,0,117893838,50
F,236291995,118048034,0,118143848,50
B,236341995,118134152,0,118107730,50
F,236791995,118298024,0,118393858,50
F,237288995,118548014,0,118641868,50
B,237437995,118682130,0,118655752,50
F,237787995,118796004,0,118891878,50
F,238287995,119045994,0,119141888,50
B,238537995,119232108,0,119205774,50
F,238787995,119295984,0,119391898,50
F,239287995,119545974,0,119641908,50
B,239637995,119782086,0,119755796,50
F,239787995,119795964,0,119891918,50
F,240287995,120045954,0,120141928,50
B,240737995,120332064,0,120305818,50
F,240786995,120295944,0,120391938,49
F,241284995,120545934,0,120638948,50
F,241783995,120795924,0,120888958,50
B,241833995,120879042,0,120854840,50
F,242282995,121044914,0,121138968,50
F,242782995,121293904,0,121388978,50
B,242932995,121429020,0,121403862,50
F,243282995,121543894,0,121638988,50
F,243782995,121793884,0,121888998,50
B,244032995,121978998,0,121953884,50
F,244282995,122043874,0,122139008,50
F,244781995,122292864,0,122389018,50
B,245131995,122528976,0,122502906,50
F,245280995,122542854,0,122639028,49
F,245779995,122792844,0,122887038,50
B,246228995,123076954,0,123052928,49
F,246278995,123042834,0,123137048,50
F,246777995,123290824,0,123387058,50
F,247277995,123540814,0,123637068,50
B,247327995,123626932,0,123600950,50
F,247777995,123790804,0,123887078,50
F,248275995,124040794,0,124135088,50
B,248425995,124174910,0,124150972,50
F,248775995,124290784,0,124385098,50
F,249275995,124540774,0,124635108,50
B,249525995,124724888,0,124700994,50
F,249775995,124790764,0,124885118,50
F,250275995,125040754,0,125135128,50
B,250624995,125273866,0,125251016,50
F,250774995,125290744,0,125384138,50
F,251270995,125540734,0,125631148,49
B,251719995,125818844,0,125801038,50
F,251769995,125790724,0,125879158,50
F,252269995,126040714,0,126129168,50
F,252769995,126290704,0,126379178,50
B,252819995,126368822,0,126351060,50
F,253269995,126540694,0,126629188,50
F,253769995,126790684,0,126879198,50
B,253919995,126918800,0,126901082,50
F,254269995,127040674,0,127129208,50
F,254769995,127290664,0,127379218,50
B,255019995,127468778,0,127451104,50
F,255269995,127540654,0,127629228,50
F,255769995,127790644,0,127879238,50
B,256119995,128018756,0,128001126,50
F,256269995,128040634,0,128129248,50
F,256769995,128290624,0,128379258,50
B,257218995,128568734,0,128551148,50
F,257268995,128540614,0,128628268,50
F,257768995,128790604,0,128878278,50
F,258268995,129040594,0,129128288,50
B,258318995,129117712,0,129101170,50
F,258768995,129290584,0,129378298,50
F,259266995,129538574,0,129628308,50
B,259415995,129667690,0,129649192,50
F,259764995,129788564,0,129876318,50
F,260264995,130038554,0,130126328,50
B,260514995,130215668,0,130199214,50
F,260764995,130288544,0,130376338,50
F,261262995,130537534,0,130625348,50
B,261610995,130763646,0,130747236,50
F,261760995,130786524,0,130874358,50
F,262260995,131036514,0,131124368,50
B,262710995,131313624,0,131297258,50
F,262760995,131286504,0,131374378,50
F,263260995,131536494,0,131624388,50
F,263760995,131786484,0,131874398,50
B,263809995,131863602,0,131847280,49
F,264259995,132035474,0,132124408,50
F,264758995,132285464,0,132373418,50
B,264906995,132412580,0,132395302,49
F,265256995,132533454,0,132623428,50
F,265756995,132783444,0,132873438,50
B,266006995,132962558,0,132944324,50
F,266256995,133033434,0,133123448,50
F,266756995,133283424,0,133373458,50
B,267106995,133512536,0,133494346,50
F,267256995,133533414,0,133623468,50
F,267754995,133782404,0,133873478,50
B,268204995,134062514,0,134042368,50
F,268253995,134031394,0,134123488,49
